country,year,biofuel_consumption_actual,biofuel_consumption_predicted,top80_consumer
Algeria,2010,0.0,-0.014684382,0
Angola,2010,0.0,0.0012262845,0
Argentina,2010,5.923,0.0023520286,0
Australia,2010,2.577,2.5783405,0
Austria,2010,5.188,8.642879,0
Azerbaijan,2010,0.0,0.011724638,0
Bahrain,2010,0.0,0.025291033,0
Bangladesh,2010,0.0,-0.0073704896,0
Belarus,2010,0.391,0.54553485,0
Belgium,2010,4.137,2.0202253,0
Bolivia,2010,0.0,-0.000977617,0
Brazil,2010,168.838,160.74484,1
Brunei,2010,0.0,-0.0025510194,0
Bulgaria,2010,0.185,0.06566372,0
Canada,2010,10.408,10.974142,0
Chad,2010,0.0,-0.00021420783,0
Chile,2010,0.0,0.017376268,0
China,2010,19.797,20.533518,1
Colombia,2010,5.242,4.472719,0
Congo,2010,0.0,-0.00090738974,0
Croatia,2010,0.0,0.17237855,0
Cuba,2010,0.0,0.0012712893,0
Cyprus,2010,0.164,0.12806043,0
Czechia,2010,2.715,3.04258,0
Democratic Republic of Congo,2010,0.0,0.0001466442,0
Denmark,2010,0.322,0.2772315,0
Ecuador,2010,0.03,0.00096326414,0
Egypt,2010,0.0,0.0006602019,0
Equatorial Guinea,2010,0.0,0.13971739,0
Estonia,2010,0.089,0.08764827,0
Finland,2010,1.443,1.8620635,0
France,2010,27.335,28.167238,1
Gabon,2010,0.0,-0.001121132,0
Germany,2010,31.542,31.513824,1
Greece,2010,1.449,0.89952844,0
Hong Kong,2010,0.043,-0.0062329876,0
Hungary,2010,2.019,2.210791,0
Iceland,2010,0.0,-0.0014773856,0
India,2010,1.493,0.46600363,0
Indonesia,2010,2.039,3.063008,0
Iran,2010,0.0,0.0008890531,0
Iraq,2010,0.0,0.0011915873,0
Ireland,2010,1.049,1.2943838,0
Israel,2010,0.113,0.068781525,0
Italy,2010,16.108,17.24595,0
Japan,2010,2.24,0.8361942,0
Kazakhstan,2010,0.0,-0.005646266,0
Kuwait,2010,0.0,-0.008479763,0
Latvia,2010,0.313,0.19706294,0
Libya,2010,0.0,-0.0003524931,0
Lithuania,2010,0.52,0.5812172,0
Luxembourg,2010,0.474,0.7340589,0
Madagascar,2010,0.0,-0.00021420783,0
Malaysia,2010,0.051,0.21735354,0
Mexico,2010,1.111,1.6020405,0
Mongolia,2010,0.0,-0.0016409795,0
Morocco,2010,0.0,0.00457373,0
Myanmar,2010,0.0,-0.0007114068,0
Netherlands,2010,2.648,8.321865,0
New Caledonia,2010,0.0,-0.0037741403,0
New Zealand,2010,0.049,0.04817467,0
Nigeria,2010,0.0,-0.00010240039,0
North Macedonia,2010,0.005,-0.022574311,0
Norway,2010,1.356,1.0656463,0
Oman,2010,0.0,-0.0014434515,0
Pakistan,2010,0.0,-0.0010382752,0
Papua New Guinea,2010,0.0,-0.00058042427,0
Peru,2010,2.264,2.5614405,0
Philippines,2010,2.336,4.7063365,0
Poland,2010,7.427,8.459002,0
Portugal,2010,3.802,4.49841,0
Qatar,2010,0.0,0.0023159778,0
Romania,2010,1.325,0.69613653,0
Russia,2010,0.0,0.0034701943,0
Saudi Arabia,2010,0.0,0.28926185,0
Serbia,2010,0.0,0.0012042735,0
Singapore,2010,0.0,0.0063254116,0
Slovakia,2010,1.121,0.94333285,0
Slovenia,2010,0.52,0.53036284,0
South Africa,2010,0.159,0.28951424,0
South Korea,2010,4.152,3.2700922,0
Spain,2010,22.257,18.87051,0
Sri Lanka,2010,0.0,0.0015116531,0
Sudan,2010,0.0,0.0021536371,0
Sweden,2010,4.096,5.666483,0
Switzerland,2010,0.111,0.19177367,0
Syria,2010,0.0,0.00060439185,0
Taiwan,2010,0.402,1.4485573,0
Thailand,2010,7.809,9.032898,0
Trinidad and Tobago,2010,0.0,-0.002909994,0
Tunisia,2010,0.0,0.00446834,0
Turkey,2010,0.072,0.26961628,0
Turkmenistan,2010,0.0,-0.0040643313,0
Ukraine,2010,0.0,0.008609488,0
United Arab Emirates,2010,0.0,0.05151132,0
United Kingdom,2010,0.551,0.98465204,0
United States,2010,296.773,256.43405,1
Uzbekistan,2010,0.0,-0.001722552,0
Venezuela,2010,0.0,-0.006384906,0
Vietnam,2010,0.0,-0.0030569292,0
Yemen,2010,0.0,-0.0012452205,0
Zambia,2010,0.0,-0.00010038609,0
Zimbabwe,2010,0.0,-0.0002262155,0
Algeria,2011,0.0,-0.014346908,0
Angola,2011,0.0,-0.0011502927,0
Argentina,2011,8.673,12.058272,0
Australia,2011,3.068,3.6607652,0
Austria,2011,5.106,6.207072,0
Azerbaijan,2011,0.0,0.028839499,0
Bahrain,2011,0.0,0.0042916206,0
Bangladesh,2011,0.0,0.0011852542,0
Belarus,2011,0.319,0.6039951,0
Belgium,2011,4.091,3.909086,0
Bolivia,2011,0.0,-0.0006162543,0
Brazil,2011,154.75,226.25446,1
Brunei,2011,0.0,0.00020206263,0
Bulgaria,2011,0.195,0.2742464,0
Canada,2011,16.786,20.224237,0
Chad,2011,0.0,0.0005389543,0
Chile,2011,0.0,1.7846497,0
China,2011,21.901,19.855627,1
Colombia,2011,6.765,8.797063,0
Congo,2011,0.0,-0.00015442728,0
Croatia,2011,0.04,-0.011370272,0
Cuba,2011,0.0,0.00084323174,0
Cyprus,2011,0.185,0.23203467,0
Czechia,2011,3.485,3.2117462,0
Democratic Republic of Congo,2011,0.0,-0.0028784387,0
Denmark,2011,1.499,0.67084503,0
Ecuador,2011,0.023,0.057853974,0
Egypt,2011,0.0,0.007075763,0
Equatorial Guinea,2011,0.0,-0.011113289,0
Estonia,2011,0.052,0.20548573,0
Finland,2011,2.147,2.1268961,0
France,2011,27.001,27.57404,1
Gabon,2011,0.0,-0.002109047,0
Germany,2011,32.848,31.741262,1
Greece,2011,1.202,1.8746439,0
Hong Kong,2011,0.306,0.14364411,0
Hungary,2011,1.843,2.630034,0
Iceland,2011,0.001,-0.027702212,0
India,2011,3.191,1.0795445,0
Indonesia,2011,3.283,3.4776251,0
Iran,2011,0.0,-0.010678232,0
Iraq,2011,0.0,0.008770624,0
Ireland,2011,1.066,1.2919391,0
Israel,2011,0.133,0.19159648,0
Italy,2011,15.846,20.558046,0
Japan,2011,2.181,3.8929193,0
Kazakhstan,2011,0.0,0.027088579,0
Kuwait,2011,0.0,-0.0518246,0
Latvia,2011,0.285,0.5167049,0
Libya,2011,0.0,-0.07030868,0
Lithuania,2011,0.523,0.50098056,0
Luxembourg,2011,0.529,0.5215262,0
Madagascar,2011,0.0,-0.00014333724,0
Malaysia,2011,0.0,0.09353101,0
Mexico,2011,1.026,1.3001509,0
Mongolia,2011,0.0,-0.0022556228,0
Morocco,2011,0.0,-0.00086921756,0
Myanmar,2011,0.0,0.00047104797,0
Netherlands,2011,3.724,3.2653244,0
New Caledonia,2011,0.0,0.002498892,0
New Zealand,2011,0.059,0.2597847,0
Nigeria,2011,0.0,-0.0032943622,0
North Macedonia,2011,0.003,-0.0008315008,0
Norway,2011,1.344,1.5371711,0
Oman,2011,0.0,0.0015778256,0
Pakistan,2011,0.0,0.002328146,0
Peru,2011,2.419,3.6946118,0
Philippines,2011,2.432,4.1084986,0
Poland,2011,7.878,7.1439004,0
Portugal,2011,3.573,4.538715,0
Qatar,2011,0.0,-0.00095458294,0
Romania,2011,2.164,1.8503363,0
Russia,2011,0.0,0.0114438245,0
Saudi Arabia,2011,0.0,-0.044393145,0
Serbia,2011,0.0,-0.0012728472,0
Singapore,2011,0.0,0.0010109993,0
Slovakia,2011,1.335,1.7679449,0
Slovenia,2011,0.415,0.60975933,0
South Africa,2011,0.468,0.21644205,0
South Korea,2011,4.036,6.211626,0
Spain,2011,26.225,23.833786,0
Sri Lanka,2011,0.0,0.005874788,0
Sudan,2011,0.0,0.0023412122,0
Sweden,2011,4.671,3.7979338,0
Switzerland,2011,0.119,0.27921522,0
Syria,2011,0.0,-0.0019663856,0
Taiwan,2011,0.521,0.8069209,0
Thailand,2011,8.431,7.867023,0
Trinidad and Tobago,2011,0.0,0.0019719456,0
Tunisia,2011,0.0,0.00031355373,0
Turkey,2011,0.183,0.75684154,0
Turkmenistan,2011,0.0,0.1577753,0
Ukraine,2011,0.0,-0.0059610526,0
United Arab Emirates,2011,0.0,-0.029732594,0
United Kingdom,2011,0.843,1.1963814,0
United States,2011,321.361,296.71677,1
Uzbekistan,2011,0.0,-0.00096554874,0
Venezuela,2011,0.0,0.0020236913,0
Vietnam,2011,0.0,-0.0085082855,0
Yemen,2011,0.0,-0.0038648865,0
Zambia,2011,0.0,0.00045304166,0
Zimbabwe,2011,0.0,0.00045304166,0
Algeria,2012,0.0,-0.0039411043,0
Angola,2012,0.0,-0.00033608667,0
Argentina,2012,10.397,12.898991,0
Australia,2012,2.982,3.5361376,0
Austria,2012,5.319,5.0956206,0
Azerbaijan,2012,0.0,0.02874085,0
Bahrain,2012,0.0,-0.036170397,0
Bangladesh,2012,0.0,0.039078493,0
Belarus,2012,0.339,0.33797336,0
Belgium,2012,4.041,3.7317452,0
Bolivia,2012,0.0,-5.243543e-05,0
Brazil,2012,147.741,164.90443,1
Brunei,2012,0.0,-0.001840091,0
Bulgaria,2012,0.976,0.122138344,0
Canada,2012,21.906,25.15002,0
Chad,2012,0.0,0.000101467514,0
Chile,2012,0.0,0.1094697,0
China,2012,25.797,28.718813,1
Colombia,2012,7.278,8.277223,0
Congo,2012,0.0,0.0010048437,0
Croatia,2012,0.329,0.19212459,0
Cuba,2012,0.0,0.0015720957,0
Curacao,2012,0.0,0.0024471227,0
Cyprus,2012,0.185,0.15623346,0
Czechia,2012,3.197,4.198486,0
Democratic Republic of Congo,2012,0.0,-0.0016624329,0
Denmark,2012,2.475,1.9108995,0
Ecuador,2012,0.031,0.031783067,0
Egypt,2012,0.0,0.00620327,0
Equatorial Guinea,2012,0.0,0.02588255,0
Estonia,2012,0.045,0.07105435,0
Finland,2012,2.122,3.3597631,0
France,2012,29.559,27.66837,1
Gabon,2012,0.0,-0.00052362087,0
Germany,2012,34.993,32.890434,1
Greece,2012,1.449,1.8415099,0
Hong Kong,2012,0.053,0.48064116,0
Hungary,2012,1.788,1.7384044,0
Iceland,2012,0.002,-0.01643016,0
India,2012,2.946,4.1534576,0
Indonesia,2012,6.117,5.1045384,0
Iran,2012,0.0,-0.021949561,0
Iraq,2012,0.0,0.0014548377,0
Ireland,2012,0.986,1.0168678,0
Israel,2012,0.129,0.06982803,0
Italy,2012,15.603,15.86573,0
Japan,2012,2.162,2.9405262,0
Kazakhstan,2012,0.0,0.021401528,0
Kuwait,2012,0.0,-0.014847036,0
Latvia,2012,0.249,0.29694197,0
Libya,2012,0.0,-0.021586861,0
Lithuania,2012,0.703,0.63205427,0
Luxembourg,2012,0.545,0.45811605,0
Madagascar,2012,0.0,0.000101467514,0
Malaysia,2012,1.337,0.3674674,0
Mexico,2012,1.19,1.3655128,0
Mongolia,2012,0.0,-0.0007783403,0
Morocco,2012,0.0,0.009815029,0
Myanmar,2012,0.0,-0.0024283677,0
Netherlands,2012,3.883,3.7526886,0
New Caledonia,2012,0.0,-0.0010531918,0
New Zealand,2012,0.073,0.1428242,0
Nigeria,2012,0.0,0.0057479013,0
North Macedonia,2012,0.003,0.009666192,0
Norway,2012,1.548,33.013958,0
Oman,2012,0.0,0.0045744353,0
Pakistan,2012,0.0,-0.029657,0
Papua New Guinea,2012,0.0,0.0011440167,0
Peru,2012,3.796,2.4794242,0
Philippines,2012,3.169,2.6585193,0
Poland,2012,8.738,8.4344425,0
Portugal,2012,3.234,4.1758246,0
Qatar,2012,0.0,-0.0073761526,0
Romania,2012,2.021,3.1560898,0
Russia,2012,0.0,0.0020721068,0
Saudi Arabia,2012,0.0,0.22519262,0
Serbia,2012,0.0,-0.0038095075,0
Singapore,2012,0.0,0.12186258,0
Slovakia,2012,1.093,1.3973268,0
Slovenia,2012,0.594,0.4002889,0
South Africa,2012,0.827,0.30336875,0
South Korea,2012,4.152,5.2060933,0
South Sudan,2012,0.0,0.0013268068,0
Spain,2012,32.66,25.899366,0
Sri Lanka,2012,0.0,0.0024714214,0
Sudan,2012,0.0,-0.0057258885,0
Sweden,2012,5.352,14.07281,0
Switzerland,2012,0.137,0.10983662,0
Syria,2012,0.0,-0.0005953878,0
Taiwan,2012,0.759,0.88106006,0
Thailand,2012,11.087,11.845444,0
Trinidad and Tobago,2012,0.0,-6.3471634e-05,0
Tunisia,2012,0.0,0.00022689554,0
Turkey,2012,0.841,0.45574802,0
Turkmenistan,2012,0.0,0.011253425,0
Ukraine,2012,0.0,-0.0033551417,0
United Arab Emirates,2012,0.0,-0.0013831091,0
United Kingdom,2012,0.812,1.1893868,0
United States,2012,321.98,282.59988,1
Uzbekistan,2012,0.0,-0.0030769715,0
Venezuela,2012,0.0,0.6772311,0
Vietnam,2012,0.0,0.036354583,0
Yemen,2012,0.0,-0.0009984993,0
Zambia,2012,0.0,9.8482065e-05,0
Zimbabwe,2012,0.0,0.00025115468,0
Algeria,2013,0.0,0.023077985,0
Angola,2013,0.0,0.00037140877,0
Argentina,2013,11.902,13.744735,0
Australia,2013,2.921,3.5679529,0
Austria,2013,5.218,5.4026065,0
Azerbaijan,2013,0.0,-0.003936766,0
Bahrain,2013,0.0,0.00821161,0
Bangladesh,2013,0.0,-0.0025301212,0
Belarus,2013,0.267,0.68098015,0
Belgium,2013,3.998,3.9566326,0
Bolivia,2013,0.0,0.00028984595,0
Brazil,2013,172.715,148.5333,1
Brunei,2013,0.0,-0.0009973355,0
Bulgaria,2013,1.268,1.0880868,0
Canada,2013,21.473,27.56625,0
Chad,2013,0.0,0.00037140877,0
Chile,2013,0.0,-0.021404674,0
China,2013,35.384,25.812967,1
Colombia,2013,7.607,8.4688425,0
Congo,2013,0.0,-0.0007051943,0
Croatia,2013,0.366,0.47640273,0
Cuba,2013,0.0,-0.00038393127,0
Curacao,2013,0.0,0.005445279,0
Cyprus,2013,0.175,0.16163178,0
Czechia,2013,3.218,2.8305316,0
Democratic Republic of Congo,2013,0.0,-0.00039385998,0
Denmark,2013,2.494,3.1833968,0
Ecuador,2013,0.031,0.007148405,0
Egypt,2013,0.0,0.014410202,0
Equatorial Guinea,2013,0.0,0.005596212,0
Estonia,2013,0.037,0.17192839,0
Finland,2013,2.356,2.7680922,0
France,2013,30.107,29.25047,1
Gabon,2013,0.0,-0.0034939365,0
Germany,2013,31.312,33.527493,1
Greece,2013,1.616,1.7118887,0
Hong Kong,2013,0.399,0.09311301,0
Hungary,2013,1.578,1.7672668,0
Iceland,2013,0.025,0.0042218845,0
India,2013,3.429,2.9172268,0
Indonesia,2013,9.582,14.491582,0
Iran,2013,0.0,0.016467037,0
Iraq,2013,0.0,0.06946209,0
Ireland,2013,1.177,1.1216177,0
Israel,2013,0.098,0.21616356,0
Italy,2013,14.348,18.054464,0
Japan,2013,2.565,2.8487535,0
Kazakhstan,2013,0.0,0.0007102447,0
Kuwait,2013,0.0,0.008100154,0
Latvia,2013,0.249,0.4233402,0
Libya,2013,0.0,-0.006417791,0
Lithuania,2013,0.671,0.4667029,0
Luxembourg,2013,0.621,0.50719833,0
Madagascar,2013,0.0,0.00037140877,0
Malaysia,2013,2.185,2.15409,0
Mexico,2013,1.188,1.5091273,0
Mongolia,2013,0.0,-0.0054202923,0
Morocco,2013,0.0,0.0007896307,0
Myanmar,2013,0.0,-0.0010357356,0
Netherlands,2013,3.705,3.5473113,0
New Caledonia,2013,0.0,-0.0019460956,0
New Zealand,2013,0.026,0.14565463,0
Nigeria,2013,0.0,0.011648791,0
North Macedonia,2013,0.01,0.3154056,0
Norway,2013,1.499,1.7068425,0
Oman,2013,0.0,-0.009802257,0
Pakistan,2013,0.0,-0.0010137148,0
Papua New Guinea,2013,0.0,0.037017938,0
Peru,2013,4.07,4.5116887,0
Philippines,2013,3.781,3.3196812,0
Poland,2013,8.507,11.785604,0
Portugal,2013,3.202,3.1825624,0
Qatar,2013,0.0,0.0005231876,0
Romania,2013,1.778,2.4768097,0
Russia,2013,0.0,-0.0012665698,0
Saudi Arabia,2013,0.0,0.6250074,0
Serbia,2013,0.0,0.012626823,0
Singapore,2013,0.0,0.048728153,0
Slovakia,2013,1.186,1.459241,0
Slovenia,2013,0.684,0.54989374,0
South Africa,2013,0.644,1.0990385,0
South Korea,2013,4.361,4.036274,0
South Sudan,2013,0.0,-0.0009821829,0
Spain,2013,13.625,30.670229,0
Sri Lanka,2013,0.0,0.0028184627,0
Sudan,2013,0.0,-0.0009821829,0
Sweden,2013,6.367,6.175703,0
Switzerland,2013,0.126,0.115857966,0
Syria,2013,0.0,0.00015219246,0
Taiwan,2013,0.881,1.1025186,0
Thailand,2013,14.3,16.90599,0
Trinidad and Tobago,2013,0.0,-5.4566208e-05,0
Tunisia,2013,0.0,0.00019731902,0
Turkey,2013,4.348,1.0894164,0
Turkmenistan,2013,0.0,0.009290432,0
Ukraine,2013,0.491,0.0129329115,0
United Arab Emirates,2013,0.0,0.016490836,0
United Kingdom,2013,11.848,1.757073,0
United States,2013,355.426,319.3635,1
Uzbekistan,2013,0.0,0.0027099838,0
Venezuela,2013,0.0,1.0728219,0
Vietnam,2013,0.0,-0.006706553,0
Yemen,2013,0.0,-0.0010544,0
Zambia,2013,0.0,0.00037140877,0
Zimbabwe,2013,0.0,0.00037140877,0
Algeria,2014,0.0,0.023889234,0
Angola,2014,0.0,0.000581289,0
Argentina,2014,13.891,12.9885,0
Australia,2014,3.003,3.2584012,0
Austria,2014,5.157,5.3515882,0
Azerbaijan,2014,0.0,0.009383515,0
Bahrain,2014,0.0,0.03992574,0
Bangladesh,2014,0.0,0.0024021294,0
Belarus,2014,0.288,0.309806,0
Belgium,2014,4.801,3.9883966,0
Bolivia,2014,0.0,-0.0018066602,0
Brazil,2014,189.43,170.97446,1
Brunei,2014,0.0,-0.0020265793,0
Bulgaria,2014,1.261,1.8504307,0
Canada,2014,22.155,21.565264,0
Chad,2014,0.0,0.00045709,0
Chile,2014,0.0,-0.0083420575,0
China,2014,36.955,34.796673,1
Colombia,2014,7.893,10.245105,0
Congo,2014,0.0,-0.00012007932,0
Croatia,2014,0.343,0.4974059,0
Cuba,2014,0.0,0.00045886156,0
Curacao,2014,0.0,0.0014472022,0
Cyprus,2014,0.113,0.105439715,0
Czechia,2014,3.678,3.1096356,0
Democratic Republic of Congo,2014,0.0,-0.00096333603,0
Denmark,2014,2.593,2.772241,0
Ecuador,2014,0.054,0.16726522,0
Egypt,2014,0.0,-0.0024172226,0
Equatorial Guinea,2014,0.0,-0.011465602,0
Estonia,2014,0.06,0.05807178,0
Finland,2014,5.045,2.7568204,0
France,2014,32.465,30.167349,1
Gabon,2014,0.0,-0.00043495276,0
Germany,2014,32.831,33.755375,1
Greece,2014,1.758,1.9193102,0
Hong Kong,2014,0.334,0.6195549,0
Hungary,2014,2.177,1.6064994,0
Iceland,2014,0.047,0.32849967,0
India,2014,2.993,5.099488,0
Indonesia,2014,16.87,12.073855,0
Iran,2014,0.0,0.0074500274,0
Iraq,2014,0.0,-0.022788284,0
Ireland,2014,1.326,1.4883369,0
Israel,2014,0.102,0.19041026,0
Italy,2014,12.361,14.476991,0
Japan,2014,3.116,3.676942,0
Kazakhstan,2014,0.0,0.02393392,0
Kuwait,2014,0.0,0.013485947,0
Latvia,2014,0.28,0.5201024,0
Libya,2014,0.0,0.0026139456,0
Lithuania,2014,0.735,0.59592295,0
Luxembourg,2014,0.797,0.53846985,0
Madagascar,2014,0.0,0.00045709,0
Malaysia,2014,3.487,2.7487748,0
Mexico,2014,1.837,2.0605187,0
Mongolia,2014,0.0,0.0007737554,0
Morocco,2014,0.0,0.0066723013,0
Myanmar,2014,0.0,-0.0017134302,0
Netherlands,2014,4.349,3.9128056,0
New Caledonia,2014,0.0,0.008131647,0
New Zealand,2014,0.031,0.12333422,0
Nigeria,2014,0.0,-0.005602381,0
North Macedonia,2014,0.004,0.107090876,0
Norway,2014,1.494,1.7740918,0
Oman,2014,0.0,0.0006504257,0
Pakistan,2014,0.0,0.0016562726,0
Papua New Guinea,2014,0.0,0.0033268633,0
Peru,2014,3.936,5.0747147,0
Philippines,2014,4.124,5.5224576,0
Poland,2014,8.091,8.688483,0
Portugal,2014,3.219,3.2450938,0
Qatar,2014,0.0,0.0005257991,0
Romania,2014,1.543,1.8584609,0
Russia,2014,0.0,0.0018428211,0
Saudi Arabia,2014,0.0,0.36737114,0
Serbia,2014,0.0,-0.005697282,0
Singapore,2014,0.0,0.30789816,0
Slovakia,2014,1.58,1.1666129,0
Slovenia,2014,0.488,0.7942578,0
South Africa,2014,0.567,0.2292405,0
South Korea,2014,4.582,4.300546,0
South Sudan,2014,0.0,0.0008071504,0
Spain,2014,14.459,14.733855,0
Sri Lanka,2014,0.0,0.027316356,0
Sudan,2014,0.0,0.003423564,0
Sweden,2014,7.542,7.1674004,0
Switzerland,2014,0.25,0.1939512,0
Syria,2014,0.0,-0.0013271802,0
Taiwan,2014,0.316,1.3273072,0
Thailand,2014,17.413,14.537666,0
Trinidad and Tobago,2014,0.0,-0.004925777,0
Tunisia,2014,0.0,-0.0015566695,0
Turkey,2014,1.602,7.774037,0
Turkmenistan,2014,0.0,-0.022195509,0
Ukraine,2014,0.476,0.8130001,0
United Arab Emirates,2014,0.0,0.02707378,0
United Kingdom,2014,13.535,18.599897,0
United States,2014,360.515,355.39505,1
Uzbekistan,2014,0.0,-0.00068039563,0
Venezuela,2014,0.0,-0.0464152,0
Vietnam,2014,0.0,0.038121663,0
Yemen,2014,0.0,-0.0010126253,0
Zambia,2014,0.0,0.00059301796,0
Zimbabwe,2014,0.0,0.00045709,0
Algeria,2015,0.0,-0.009896257,0
Angola,2015,0.0,0.00042807742,0
Argentina,2015,15.131,13.7482395,0
Australia,2015,2.26,2.9850974,0
Austria,2015,5.353,5.214783,0
Azerbaijan,2015,0.0,0.0029054512,0
Bahrain,2015,0.0,0.010109278,0
Bangladesh,2015,0.0,0.16210951,0
Belarus,2015,0.226,0.7688644,0
Belgium,2015,3.0,7.049875,0
Bolivia,2015,0.0,-0.006162683,0
Brazil,2015,221.571,189.47954,1
Brunei,2015,0.0,-0.0016186353,0
Bulgaria,2015,1.667,1.3994309,0
Canada,2015,20.805,23.181723,0
Chad,2015,0.0,-3.268358e-05,0
Chile,2015,0.0,0.030008942,0
China,2015,27.299,38.42739,1
Colombia,2015,7.984,9.267906,0
Congo,2015,0.0,-0.0021400251,0
Croatia,2015,0.281,0.46773374,0
Cuba,2015,0.0,-3.268358e-05,0
Curacao,2015,0.0,0.0022822928,0
Cyprus,2015,0.113,0.14953077,0
Czechia,2015,3.443,4.005378,0
Democratic Republic of Congo,2015,0.0,-0.00052896753,0
Denmark,2015,2.571,3.106983,0
Ecuador,2015,0.093,0.30032405,0
Egypt,2015,0.0,0.0065814955,0
Equatorial Guinea,2015,0.0,-0.01962933,0
Estonia,2015,0.03,0.14314283,0
Finland,2015,5.042,5.7114944,0
France,2015,32.748,32.740852,1
Gabon,2015,0.0,-0.0013639063,0
Germany,2015,30.778,36.71708,1
Greece,2015,1.85,2.335379,0
Hong Kong,2015,0.478,0.5001531,0
Hungary,2015,2.02,2.1722329,0
Iceland,2015,0.138,0.4025397,0
India,2015,3.592,2.8280795,0
Indonesia,2015,8.366,16.511292,0
Iran,2015,0.0,-0.06566786,0
Iraq,2015,0.0,-0.009734546,0
Ireland,2015,1.419,1.4921935,0
Israel,2015,0.111,0.10271811,0
Italy,2015,13.502,14.487223,0
Japan,2015,3.772,3.5423381,0
Kazakhstan,2015,0.0,0.021674735,0
Kuwait,2015,0.0,0.010459572,0
Latvia,2015,0.285,0.39059478,0
Libya,2015,0.0,-0.0008203834,0
Lithuania,2015,0.79,1.1215826,0
Luxembourg,2015,0.942,1.6818354,0
Madagascar,2015,0.0,0.00042807742,0
Malaysia,2015,4.521,3.2707293,0
Mexico,2015,1.954,2.207492,0
Mongolia,2015,0.0,-0.0025900006,0
Morocco,2015,0.0,-0.003978752,0
Myanmar,2015,0.0,0.0001779184,0
Netherlands,2015,3.721,3.3520796,0
New Caledonia,2015,0.0,-0.00023815554,0
New Zealand,2015,0.031,0.03862233,0
Nigeria,2015,0.0,-0.0057220743,0
North Macedonia,2015,0.004,-0.013844038,0
Norway,2015,1.652,1.4746088,0
Oman,2015,0.0,-0.010866074,0
Pakistan,2015,0.0,-0.01717383,0
Papua New Guinea,2015,0.0,0.0020058306,0
Peru,2015,4.219,4.167271,0
Philippines,2015,4.68,4.098576,0
Poland,2015,7.568,9.436172,0
Portugal,2015,4.082,3.848692,0
Qatar,2015,0.0,0.0011691692,0
Romania,2015,1.835,1.7638736,0
Russia,2015,0.0,0.009737693,0
Saudi Arabia,2015,0.0,0.0299161,0
Serbia,2015,0.0,-0.0029414182,0
Singapore,2015,0.0,0.09538955,0
Slovakia,2015,1.735,1.5006943,0
Slovenia,2015,0.334,0.6338456,0
South Africa,2015,0.67,0.6279136,0
South Korea,2015,5.129,4.4289575,0
South Sudan,2015,0.0,0.025045902,0
Spain,2015,14.788,13.935247,0
Sri Lanka,2015,0.0,-0.0027267905,0
Sudan,2015,0.0,0.013162265,0
Sweden,2015,8.967,7.615007,0
Switzerland,2015,0.581,0.66575134,0
Syria,2015,0.0,-3.268358e-05,0
Taiwan,2015,0.002,0.3798387,0
Thailand,2015,18.515,21.245337,0
Trinidad and Tobago,2015,0.0,-0.0016382143,0
Tunisia,2015,0.0,-3.268358e-05,0
Turkey,2015,1.205,2.763227,0
Turkmenistan,2015,0.0,-0.005141999,0
Ukraine,2015,0.395,0.42403024,0
United Arab Emirates,2015,0.0,0.023899877,0
United Kingdom,2015,10.819,14.309991,0
United States,2015,377.211,357.68475,1
Uzbekistan,2015,0.0,-0.025880186,0
Venezuela,2015,0.0,0.16561192,0
Vietnam,2015,0.0,0.043533932,0
Yemen,2015,0.0,0.00042807742,0
Zambia,2015,0.0,-3.268358e-05,0
Zimbabwe,2015,0.0,-3.268358e-05,0
Algeria,2016,0.0,0.01605651,0
Angola,2016,0.0,3.148998e-05,0
Argentina,2016,16.037,14.937897,0
Australia,2016,1.5,2.765045,0
Austria,2016,5.366,5.3348994,0
Azerbaijan,2016,0.0,0.0012834276,0
Bahrain,2016,0.0,0.022970617,0
Bangladesh,2016,0.0,0.14791271,0
Belarus,2016,0.206,0.32125023,0
Belgium,2016,5.053,3.4326746,0
Bolivia,2016,0.0,-0.007346796,0
Brazil,2016,201.629,214.76038,1
Brunei,2016,0.0,-0.0025230278,0
Bulgaria,2016,1.86,1.8478854,0
Canada,2016,20.059,21.778955,0
Chad,2016,0.0,-0.00046697058,0
Chile,2016,0.0,0.042628832,0
China,2016,27.815,32.015068,1
Colombia,2016,7.883,8.905342,0
Congo,2016,0.0,-0.0010382148,0
Croatia,2016,0.012,0.32016847,0
Cuba,2016,0.0,-0.0022069062,0
Curacao,2016,0.0,-0.0005112618,0
Cyprus,2016,0.103,0.13029853,0
Czechia,2016,3.498,3.2430592,0
Democratic Republic of Congo,2016,0.0,-0.009529244,0
Denmark,2016,2.589,2.8129485,0
Ecuador,2016,0.132,0.5021069,0
Egypt,2016,0.0,0.022006044,0
Equatorial Guinea,2016,0.0,-0.021387203,0
Estonia,2016,0.022,0.055082243,0
Finland,2016,1.831,5.036129,0
France,2016,32.946,32.320126,1
Gabon,2016,0.0,-0.0014969935,0
Germany,2016,30.851,30.837936,1
Greece,2016,1.932,2.0380418,0
Hong Kong,2016,0.474,0.6280293,0
Hungary,2016,2.158,1.7333858,0
Iceland,2016,0.154,0.2700133,0
India,2016,7.59,4.391254,0
Indonesia,2016,27.504,14.55643,0
Iran,2016,0.0,0.0070605655,0
Iraq,2016,0.0,0.014589149,0
Ireland,2016,1.305,1.4753121,0
Israel,2016,0.263,0.19262062,0
Italy,2016,12.01,13.502719,0
Japan,2016,4.614,5.1013355,0
Kazakhstan,2016,0.0,-0.008668853,0
Kuwait,2016,0.0,0.004212176,0
Latvia,2016,0.148,0.18694066,0
Libya,2016,0.0,-0.0063179494,0
Lithuania,2016,0.66,0.85934335,0
Luxembourg,2016,1.011,1.022172,0
Madagascar,2016,0.0,-0.00041991877,0
Malaysia,2016,4.521,4.7945137,0
Mexico,2016,2.07,1.9682821,0
Mongolia,2016,0.0,0.00022337258,0
Morocco,2016,0.0,0.023157593,0
Myanmar,2016,0.0,-0.00083312154,0
Netherlands,2016,2.975,3.8089774,0
New Caledonia,2016,0.0,-0.0031447695,0
New Zealand,2016,0.034,0.024333397,0
Nigeria,2016,0.0,0.008487172,0
North Macedonia,2016,0.002,0.042217214,0
Norway,2016,3.638,1.7338512,0
Oman,2016,0.0,-0.0013963649,0
Pakistan,2016,0.0,-0.026818324,0
Papua New Guinea,2016,0.0,0.0035800852,0
Peru,2016,4.533,3.9293544,0
Philippines,2016,5.142,4.5980787,0
Poland,2016,5.255,8.327887,0
Portugal,2016,3.169,4.168848,0
Qatar,2016,0.0,0.004307409,0
Romania,2016,2.867,2.196547,0
Russia,2016,0.394,-0.0053545684,0
Saudi Arabia,2016,0.0,0.05147535,0
Serbia,2016,0.0,0.0058700647,0
Singapore,2016,0.0,0.0023985484,0
Slovakia,2016,1.639,1.8264083,0
Slovenia,2016,0.209,0.51707405,0
South Africa,2016,0.501,0.38661346,0
South Korea,2016,6.082,5.236052,0
South Sudan,2016,0.0,0.0010174762,0
Spain,2016,16.87,14.7091,0
Sri Lanka,2016,0.0,0.007641572,0
Sudan,2016,0.0,0.0043341205,0
Sweden,2016,11.014,8.941633,0
Switzerland,2016,0.931,1.1068127,0
Syria,2016,0.0,-0.0007700333,0
Taiwan,2016,0.002,3.025708,0
Thailand,2016,19.143,18.113726,0
Trinidad and Tobago,2016,0.0,-0.00043178606,0
Tunisia,2016,0.0,0.0023782016,0
Turkey,2016,1.194,1.7296314,0
Turkmenistan,2016,0.0,0.045007672,0
Ukraine,2016,0.432,0.4566666,0
United Arab Emirates,2016,0.0,-0.0055486206,0
United Kingdom,2016,10.963,13.4041815,0
United States,2016,409.229,377.0691,1
Uzbekistan,2016,0.0,-0.0058609247,0
Venezuela,2016,0.0,-0.0064849346,0
Vietnam,2016,0.0,0.04871471,0
Yemen,2016,0.0,-0.00027157262,0
Zambia,2016,0.0,-0.00046697058,0
Zimbabwe,2016,0.0,-0.00046697058,0
Algeria,2017,0.0,0.031668566,0
Angola,2017,0.0,-0.0014188334,0
Argentina,2017,18.428,18.43595,0
Australia,2017,1.523,1.2748312,0
Austria,2017,5.352,5.3205404,0
Azerbaijan,2017,0.0,0.00068204274,0
Bahrain,2017,0.0,0.001092139,0
Bangladesh,2017,0.0,0.022982161,0
Belarus,2017,0.206,0.23624179,0
Belgium,2017,5.454,5.381729,0
Bolivia,2017,0.0,-0.012608761,0
Brazil,2017,206.01,215.93913,1
Brunei,2017,0.0,-0.0021968754,0
Bulgaria,2017,1.894,1.8651959,0
Canada,2017,23.655,20.24759,0
Chad,2017,0.0,-0.00045513298,0
Chile,2017,0.0,0.002138575,0
China,2017,25.936,27.83309,1
Colombia,2017,7.571,7.2622423,0
Congo,2017,0.0,-0.0014998013,0
Croatia,2017,0.006,0.29315096,0
Cuba,2017,0.0,-0.0009642425,0
Curacao,2017,0.0,0.0041549797,0
Cyprus,2017,0.1,0.14192353,0
Czechia,2017,3.645,3.5490644,0
Democratic Republic of Congo,2017,0.0,0.00026636565,0
Denmark,2017,2.62,2.620956,0
Ecuador,2017,0.234,0.19079979,0
Egypt,2017,0.0,-0.0031064516,0
Equatorial Guinea,2017,0.0,0.005139022,0
Estonia,2017,0.029,0.29207805,0
Finland,2017,4.036,2.6560218,0
France,2017,33.204,32.767044,1
Gabon,2017,0.0,-0.0016454613,0
Germany,2017,31.384,30.689686,1
Greece,2017,1.941,2.00286,0
Hong Kong,2017,0.531,0.65688556,0
Hungary,2017,1.896,2.1600797,0
Iceland,2017,0.169,0.41011024,0
India,2017,5.467,9.401971,0
Indonesia,2017,23.517,23.854626,0
Iran,2017,0.0,0.13039903,0
Iraq,2017,0.0,-0.022024037,0
Ireland,2017,1.862,1.3432316,0
Israel,2017,0.36,0.51404154,0
Italy,2017,12.25,14.308979,0
Japan,2017,4.771,5.1267624,0
Kazakhstan,2017,0.0,-0.005242871,0
Kuwait,2017,0.0,0.004516962,0
Latvia,2017,0.126,0.23031153,0
Libya,2017,0.0,0.0014590618,0
Lithuania,2017,0.833,0.621396,0
Luxembourg,2017,1.281,1.0640389,0
Madagascar,2017,0.0,-0.0012776467,0
Malaysia,2017,4.405,4.1726136,0
Mexico,2017,2.187,3.454928,0
Mongolia,2017,0.0,-0.0019432557,0
Morocco,2017,0.0,0.0049840678,0
Mozambique,2017,0.0,0.0005639508,0
Myanmar,2017,0.0,0.00058806734,0
Netherlands,2017,3.848,3.353832,0
New Caledonia,2017,0.0,-0.0031502945,0
New Zealand,2017,0.026,0.5269473,0
Nigeria,2017,0.0,-0.0026312615,0
North Macedonia,2017,0.001,-0.010915745,0
Norway,2017,5.805,4.0111594,0
Oman,2017,0.0,0.008160049,0
Pakistan,2017,0.0,0.04347611,0
Papua New Guinea,2017,0.0,0.0012642004,0
Peru,2017,4.943,4.509059,0
Philippines,2017,5.572,6.599855,0
Poland,2017,7.019,6.2202587,0
Portugal,2017,2.966,3.4900322,0
Qatar,2017,0.0,0.0018532079,0
Romania,2017,3.188,3.2038963,0
Russia,2017,0.766,0.91072166,0
Saudi Arabia,2017,0.0,0.099544,0
Serbia,2017,0.0,0.06821983,0
Singapore,2017,0.0,-0.0032332889,0
Slovakia,2017,1.698,1.7883005,0
Slovenia,2017,0.282,0.49903935,0
South Africa,2017,0.505,0.6534096,0
South Korea,2017,6.559,7.6004057,0
South Sudan,2017,0.0,-0.0011989354,0
Spain,2017,19.439,18.7575,0
Sri Lanka,2017,0.0,0.015332763,0
Sudan,2017,0.0,0.0753003,0
Sweden,2017,10.435,13.073807,0
Switzerland,2017,1.478,1.2943408,0
Syria,2017,0.0,-0.00096668815,0
Taiwan,2017,0.041,0.3458478,0
Thailand,2017,21.177,19.02961,0
Trinidad and Tobago,2017,0.0,-0.0033832586,0
Tunisia,2017,0.0,-0.0012171434,0
Turkey,2017,1.269,1.4950378,0
Turkmenistan,2017,0.0,-0.0038448928,0
Ukraine,2017,0.521,0.6109464,0
United Arab Emirates,2017,0.0,0.009358057,0
United Kingdom,2017,10.827,11.182192,0
United States,2017,410.054,399.61044,1
Uzbekistan,2017,0.0,0.067840055,0
Venezuela,2017,0.0,-0.01216085,0
Vietnam,2017,0.0,0.009824925,0
Yemen,2017,0.0,0.004748239,0
Zambia,2017,0.0,-0.001019382,0
Zimbabwe,2017,0.0,-0.00024465306,0
Algeria,2018,0.0,0.019896956,0
Angola,2018,0.0,-0.0011927492,0
Argentina,2018,17.594,18.245472,0
Australia,2018,1.601,1.349413,0
Austria,2018,5.171,5.3240685,0
Azerbaijan,2018,0.0,0.004244996,0
Bahrain,2018,0.0,0.014385051,0
Bangladesh,2018,0.0,-0.009871058,0
Belarus,2018,0.144,0.42738876,0
Belgium,2018,5.402,5.7000303,0
Bolivia,2018,0.0,-0.007156394,0
Brazil,2018,238.946,205.97044,1
Brunei,2018,0.0,-0.002831922,0
Bulgaria,2018,1.869,1.9964916,0
Canada,2018,24.433,21.795698,0
Chad,2018,0.0,-2.9871977e-05,0
Chile,2018,0.0,-0.006733242,0
China,2018,33.669,27.581406,1
Colombia,2018,9.209,10.769246,0
Congo,2018,0.0,0.009899457,0
Croatia,2018,0.315,0.1515968,0
Cuba,2018,0.0,0.0010071341,0
Curacao,2018,0.0,0.0043583885,0
Cyprus,2018,0.104,0.11750694,0
Czechia,2018,3.585,3.660584,0
Democratic Republic of Congo,2018,0.0,0.0019841995,0
Denmark,2018,2.591,2.7937768,0
Ecuador,2018,0.206,0.33913064,0
Egypt,2018,0.0,0.005591075,0
Equatorial Guinea,2018,0.0,0.0008579347,0
Estonia,2018,0.199,0.01758054,0
Finland,2018,3.842,4.040374,0
France,2018,32.826,32.891136,1
Gabon,2018,0.0,0.0005294024,0
Germany,2018,32.718,27.02274,1
Greece,2018,1.956,2.05117,0
Hong Kong,2018,0.645,0.44087335,0
Hungary,2018,2.23,1.8226073,0
Iceland,2018,0.203,0.25325397,0
India,2018,10.544,5.9839225,0
Indonesia,2018,34.289,27.372252,0
Iran,2018,0.0,0.19660589,0
Iraq,2018,0.0,0.0016266904,0
Ireland,2018,1.787,2.264657,0
Israel,2018,0.423,0.4142256,0
Italy,2018,14.439,12.658902,0
Japan,2018,5.137,4.8672338,0
Kazakhstan,2018,0.0,0.0016745734,0
Kuwait,2018,0.0,0.010904423,0
Latvia,2018,0.441,0.17195615,0
Libya,2018,0.0,0.05065437,0
Lithuania,2018,0.904,0.8023292,0
Luxembourg,2018,1.389,1.4650239,0
Madagascar,2018,0.0,-0.0011927492,0
Malaysia,2018,5.067,3.915802,0
Mexico,2018,2.441,2.3934128,0
Mongolia,2018,0.0,-0.0022445526,0
Morocco,2018,0.0,0.08255066,0
Mozambique,2018,0.0,-0.0011927492,0
Myanmar,2018,0.0,0.0006581527,0
Netherlands,2018,6.467,3.0863316,0
New Caledonia,2018,0.0,-0.0017429321,0
New Zealand,2018,0.034,0.07297316,0
Nigeria,2018,0.0,0.008859164,0
North Macedonia,2018,0.001,0.40876618,0
Norway,2018,4.291,7.9067388,0
Oman,2018,0.0,0.03241205,0
Pakistan,2018,0.0,0.1195381,0
Papua New Guinea,2018,0.0,0.0032640449,0
Peru,2018,4.743,5.8839726,0
Philippines,2018,5.735,5.851705,0
Poland,2018,10.587,6.063275,0
Portugal,2018,3.279,3.0486944,0
Qatar,2018,0.0,-0.0020563859,0
Romania,2018,3.41,3.2947867,0
Russia,2018,1.131,1.3711886,0
Saudi Arabia,2018,0.0,-0.008793029,0
Serbia,2018,0.0,0.016406978,0
Singapore,2018,0.0,0.0018174337,0
Slovakia,2018,1.689,1.7410911,0
Slovenia,2018,0.841,0.2619576,0
South Africa,2018,0.815,0.48197684,0
South Korea,2018,7.978,8.690103,0
South Sudan,2018,0.0,0.0023117585,0
Spain,2018,25.525,20.194887,0
Sri Lanka,2018,0.0,0.0389572,0
Sudan,2018,0.0,-0.0019602773,0
Sweden,2018,12.331,12.545455,0
Switzerland,2018,1.898,1.8762155,0
Syria,2018,0.0,-0.0013694412,0
Taiwan,2018,0.001,0.2981129,0
Thailand,2018,23.148,26.645819,0
Trinidad and Tobago,2018,0.0,-0.0022841343,0
Tunisia,2018,0.0,-0.0012561609,0
Turkey,2018,1.624,1.4325391,0
Turkmenistan,2018,0.0,3.668183e-05,0
Ukraine,2018,0.417,0.50350684,0
United Arab Emirates,2018,0.0,-0.012341618,0
United Kingdom,2018,15.26,14.454969,0
United States,2018,404.621,409.68326,1
Uzbekistan,2018,0.0,0.046504237,0
Venezuela,2018,0.0,-0.012090621,0
Vietnam,2018,0.0,0.011434222,0
Yemen,2018,0.0,0.0014616597,0
Zambia,2018,0.0,2.8605442e-05,0
Zimbabwe,2018,0.0,-9.627639e-05,0
Algeria,2019,0.0,0.0025164483,0
Angola,2019,0.0,0.00023884918,0
Argentina,2019,17.97,18.562033,0
Australia,2019,1.519,1.459329,0
Austria,2019,5.167,5.2424,0
Azerbaijan,2019,0.0,-0.0015912093,0
Bahrain,2019,0.0,0.02118315,0
Bangladesh,2019,0.0,0.03032255,0
Belarus,2019,0.164,0.1274879,0
Belgium,2019,5.42,6.5005293,0
Bolivia,2019,0.0,0.004394811,0
Brazil,2019,264.483,269.61102,1
Brunei,2019,0.0,-0.0026021763,0
Bulgaria,2019,2.05,1.8385468,0
Canada,2019,24.755,24.434116,0
Chad,2019,0.0,-0.00017371797,0
Chile,2019,0.0,-0.0038299356,0
China,2019,36.053,32.88021,1
Colombia,2019,9.619,10.328331,0
Congo,2019,0.0,-0.000942586,0
Croatia,2019,0.728,0.25223392,0
Cuba,2019,0.0,-0.00017371797,0
Curacao,2019,0.0,0.0020387836,0
Cyprus,2019,0.125,0.22339918,0
Czechia,2019,3.953,3.5874195,0
Democratic Republic of Congo,2019,0.0,-0.005239356,0
Denmark,2019,3.512,2.8991194,0
Ecuador,2019,0.269,0.25092366,0
Egypt,2019,0.0,-0.0016791682,0
Equatorial Guinea,2019,0.0,0.0002066465,0
Estonia,2019,0.301,0.26760712,0
Finland,2019,4.452,4.744529,0
France,2019,34.182,32.823948,1
Gabon,2019,0.0,-0.0013193585,0
Germany,2019,32.16,31.283157,1
Greece,2019,2.257,2.1692586,0
Guyana,2019,0.0,-0.02247898,0
Hong Kong,2019,0.596,0.64862514,0
Hungary,2019,2.335,2.0026762,0
Iceland,2019,0.2,0.48326284,0
India,2019,12.996,15.052883,0
Indonesia,2019,58.482,27.375414,0
Iran,2019,0.0,0.071440585,0
Iraq,2019,0.0,0.006905393,0
Ireland,2019,2.178,1.8782634,0
Israel,2019,0.487,0.8261965,0
Italy,2019,14.751,13.350486,0
Japan,2019,4.781,6.168766,0
Kazakhstan,2019,0.0,0.033628095,0
Kuwait,2019,0.0,-0.008980092,0
Latvia,2019,0.416,0.69461995,0
Libya,2019,0.0,-0.0021214366,0
Lithuania,2019,0.873,0.9462433,0
Luxembourg,2019,1.489,1.3927817,0
Madagascar,2019,0.0,-0.00011676672,0
Malaysia,2019,7.531,6.2316637,0
Mexico,2019,2.696,3.7919862,0
Mongolia,2019,0.0,-0.008194008,0
Morocco,2019,0.0,0.008970302,0
Mozambique,2019,0.0,0.00023884918,0
Myanmar,2019,0.0,0.0010923597,0
Netherlands,2019,8.081,7.240615,0
New Caledonia,2019,0.0,-0.003162465,0
New Zealand,2019,0.047,0.11948564,0
Nigeria,2019,0.0,-0.0005987033,0
North Macedonia,2019,0.001,0.09037432,0
Norway,2019,5.445,5.248341,0
Oman,2019,0.0,0.00014408339,0
Pakistan,2019,0.0,0.010140216,0
Papua New Guinea,2019,0.0,0.002124873,0
Peru,2019,4.616,4.669144,0
Philippines,2019,6.108,5.733357,0
Poland,2019,11.435,13.554929,0
Portugal,2019,3.183,3.3419068,0
Qatar,2019,0.0,0.0023793227,0
Romania,2019,4.3,3.7661686,0
Russia,2019,1.565,1.7029018,0
Saudi Arabia,2019,0.0,-0.039997254,0
Serbia,2019,0.0,0.05113491,0
Singapore,2019,0.0,-0.0044423463,0
Slovakia,2019,1.77,1.8055477,0
Slovenia,2019,1.099,1.0273687,0
South Africa,2019,1.175,0.953777,0
South Korea,2019,7.967,5.497493,0
South Sudan,2019,0.0,0.002124873,0
Spain,2019,25.091,25.693075,0
Sri Lanka,2019,0.0,-0.0033073523,0
Sudan,2019,0.0,0.03149938,0
Sweden,2019,12.658,12.033522,0
Switzerland,2019,2.081,2.550297,0
Syria,2019,0.0,0.0009988348,0
Taiwan,2019,0.001,0.1594802,0
Thailand,2019,25.85,25.487629,0
Trinidad and Tobago,2019,0.0,-0.0041373125,0
Tunisia,2019,0.0,0.002209116,0
Turkey,2019,1.809,1.796445,0
Turkmenistan,2019,0.0,-0.0038095238,0
Ukraine,2019,0.99,0.5832923,0
United Arab Emirates,2019,0.0,-0.0020694542,0
United Kingdom,2019,20.268,15.626738,0
United States,2019,415.87,405.1638,1
Uzbekistan,2019,0.0,0.015808126,0
Venezuela,2019,0.0,-0.00014806556,0
Vietnam,2019,0.0,0.2799705,0
Yemen,2019,0.0,-0.0020239921,0
Zambia,2019,0.0,-0.00017371797,0
Zimbabwe,2019,0.0,-0.00017371797,0
Algeria,2020,0.0,0.0041210996,0
Angola,2020,0.0,0.0001673525,0
Argentina,2020,9.646,17.063488,0
Australia,2020,1.206,1.1453981,0
Austria,2020,4.622,5.218266,0
Azerbaijan,2020,0.0,-0.007318033,0
Bahrain,2020,0.0,0.08972584,0
Bangladesh,2020,0.0,0.031229911,0
Belarus,2020,0.0,0.13511135,0
Belgium,2020,7.523,5.7580667,0
Bolivia,2020,0.0,-0.0021094028,0
Brazil,2020,246.243,242.35315,1
Brunei,2020,0.0,-0.0016138706,0
Bulgaria,2020,1.973,1.9762758,0
Canada,2020,22.951,24.291626,0
Chad,2020,0.0,-0.007531874,0
Chile,2020,0.0,0.013906366,0
China,2020,27.493,35.323807,1
Colombia,2020,8.284,11.596181,0
Congo,2020,0.0,0.00027843931,0
Croatia,2020,0.763,1.0132557,0
Cuba,2020,0.0,0.0011658646,0
Curacao,2020,0.0,-0.001920107,0
Cyprus,2020,0.288,0.1979748,0
Czechia,2020,4.326,3.787841,0
Democratic Republic of Congo,2020,0.0,0.00078738976,0
Denmark,2020,3.76,3.8720522,0
Ecuador,2020,0.136,0.47517043,0
Egypt,2020,0.0,0.015114249,0
Equatorial Guinea,2020,0.0,-0.0014140828,0
Estonia,2020,0.422,0.2401099,0
Finland,2020,4.124,4.667203,0
France,2020,24.974,38.45883,1
Gabon,2020,0.0,-0.0051307585,0
Germany,2020,39.271,26.57666,1
Greece,2020,2.389,2.5425618,0
Guyana,2020,0.0,-0.0076109003,0
Hong Kong,2020,0.704,0.59819937,0
Hungary,2020,3.223,2.3236592,0
Iceland,2020,0.217,0.20598155,0
India,2020,12.182,13.367119,0
Indonesia,2020,76.806,86.34192,0
Iran,2020,0.0,-0.14753641,0
Iraq,2020,0.0,-0.032759704,0
Ireland,2020,2.02,2.0972056,0
Israel,2020,0.588,0.6496436,0
Italy,2020,14.65,14.330372,0
Japan,2020,5.148,5.281719,0
Kazakhstan,2020,0.0,0.021833813,0
Kuwait,2020,0.0,-0.004788131,0
Latvia,2020,0.56,0.3753148,0
Libya,2020,0.0,-0.003758212,0
Lithuania,2020,1.195,0.8773175,0
Luxembourg,2020,1.632,1.36664,0
Madagascar,2020,0.0,-0.00037928778,0
Malaysia,2020,9.193,8.619397,0
Mexico,2020,2.95,3.420944,0
Mongolia,2020,0.0,-0.020183343,0
Morocco,2020,0.0,0.019112485,0
Mozambique,2020,0.0,-0.00037928778,0
Myanmar,2020,0.0,0.0014204932,0
Netherlands,2020,9.257,8.988745,0
New Caledonia,2020,0.0,-0.013088888,0
New Zealand,2020,0.085,16.82045,0
Nigeria,2020,0.0,-0.0016067887,0
North Macedonia,2020,0.001,0.0046624183,0
Norway,2020,4.466,5.202625,0
Oman,2020,0.0,0.042262264,0
Pakistan,2020,0.0,0.0035485527,0
Papua New Guinea,2020,0.0,0.0022946037,0
Peru,2020,4.672,4.8577175,0
Philippines,2020,5.175,6.925348,0
Poland,2020,11.849,11.782992,0
Portugal,2020,3.001,3.8185713,0
Qatar,2020,0.0,-0.0057433927,0
Romania,2020,5.03,3.872934,0
Russia,2020,1.884,2.378314,0
Saudi Arabia,2020,0.0,-0.027054235,0
Serbia,2020,0.0,0.0069716135,0
Singapore,2020,0.0,0.0043356437,0
Slovakia,2020,1.777,1.8834169,0
Slovenia,2020,1.081,1.3688931,0
South Africa,2020,1.271,3.3581514,0
South Korea,2020,8.083,9.196454,0
South Sudan,2020,0.0,0.0059268484,0
Spain,2020,22.691,21.726274,0
Sri Lanka,2020,0.0,0.006171595,0
Sudan,2020,0.0,0.012378508,0
Sweden,2020,12.787,12.789956,0
Switzerland,2020,2.072,2.214403,0
Syria,2020,0.0,-0.0015018145,0
Taiwan,2020,0.001,-0.077812165,0
Thailand,2020,25.976,24.117138,0
Trinidad and Tobago,2020,0.0,0.004032295,0
Tunisia,2020,0.0,0.00032248176,0
Turkey,2020,1.162,2.4163837,0
Turkmenistan,2020,0.0,0.00035352676,0
Ukraine,2020,0.575,1.2072449,0
United Arab Emirates,2020,0.0,0.0030282047,0
United Kingdom,2020,19.024,21.855873,0
United States,2020,378.321,405.72195,1
Uzbekistan,2020,0.0,-0.0048516295,0
Venezuela,2020,0.0,-0.03124027,0
Vietnam,2020,0.0,-0.13077436,0
Yemen,2020,0.0,-0.0047886996,0
Zambia,2020,0.0,-0.00037928778,0
Zimbabwe,2020,0.0,0.000952714,0
Algeria,2021,0.0,0.01294472,0
Angola,2021,0.0,0.0041745077,0
Argentina,2021,10.42,12.487811,0
Australia,2021,1.238,1.0841787,0
Austria,2021,4.847,4.8678503,0
Azerbaijan,2021,0.0,0.049611997,0
Bahrain,2021,0.0,0.010388365,0
Bangladesh,2021,0.0,0.026043784,0
Belarus,2021,0.0,0.38078508,0
Belgium,2021,8.307,7.543953,0
Bolivia,2021,0.0,-0.0022286684,0
Brazil,2021,243.777,253.24434,1
Brunei,2021,0.0,-0.002136897,0
Bulgaria,2021,1.97,1.9664252,0
Canada,2021,24.482,24.246248,0
Chad,2021,0.0,-0.00020509798,0
Chile,2021,0.0,-0.010464111,0
China,2021,28.61,28.751366,1
Colombia,2021,9.271,10.35642,0
Congo,2021,0.0,0.0007302407,0
Croatia,2021,1.063,0.820387,0
Cuba,2021,0.0,0.0006542029,0
Curacao,2021,0.0,0.0027674013,0
Cyprus,2021,0.248,0.22194181,0
Czechia,2021,4.196,3.923218,0
Democratic Republic of Congo,2021,0.0,0.00027926013,0
Denmark,2021,3.141,4.320288,0
Ecuador,2021,0.221,0.24673563,0
Egypt,2021,0.0,-0.0043639503,0
Equatorial Guinea,2021,0.0,-1.9056752e-06,0
Estonia,2021,0.482,0.626604,0
Finland,2021,7.263,3.9702907,0
France,2021,28.495,28.081684,1
Gabon,2021,0.0,0.00078388286,0
Germany,2021,34.888,56.003487,1
Greece,2021,2.587,3.1697407,0
Guyana,2021,0.0,-0.007397751,0
Hong Kong,2021,0.855,0.6235797,0
Hungary,2021,3.291,2.9803555,0
Iceland,2021,0.314,0.40243003,0
India,2021,19.677,12.223801,0
Indonesia,2021,84.981,84.79132,0
Iran,2021,0.0,0.026010906,0
Iraq,2021,0.0,-0.0065886714,0
Ireland,2021,2.064,1.9500442,0
Israel,2021,0.57,0.6752679,0
Italy,2021,16.382,14.554248,0
Japan,2021,5.0,5.429354,0
Kazakhstan,2021,0.0,0.03239262,0
Kuwait,2021,0.0,-0.007680707,0
Latvia,2021,0.562,0.45093971,0
Libya,2021,0.0,-0.00525056,0
Lithuania,2021,1.473,1.4309022,0
Luxembourg,2021,1.583,1.7694789,0
Madagascar,2021,0.0,-0.00020509798,0
Malaysia,2021,9.612,10.414825,0
Mexico,2021,2.539,2.9304874,0
Mongolia,2021,0.0,-0.00084041455,0
Morocco,2021,0.0,0.0057642707,0
Mozambique,2021,0.0,-0.00020509798,0
Myanmar,2021,0.0,0.0011794477,0
Netherlands,2021,9.304,11.007724,0
New Caledonia,2021,0.0,0.0086581195,0
New Zealand,2021,0.067,0.016883284,0
Nigeria,2021,0.0,-0.0045791506,0
North Macedonia,2021,0.001,-0.009710291,0
Norway,2021,4.266,4.956206,0
Oman,2021,0.0,-0.02225943,0
Pakistan,2021,0.0,0.058026295,0
Papua New Guinea,2021,0.0,0.0021072456,0
Peru,2021,5.327,5.1375275,0
Philippines,2021,5.802,5.608779,0
Poland,2021,12.134,12.166253,0
Portugal,2021,3.926,3.1127899,0
Qatar,2021,0.0,-0.002399711,0
Romania,2021,4.657,4.2948637,0
Russia,2021,2.793,2.6316776,0
Saudi Arabia,2021,0.0,0.016540587,0
Serbia,2021,0.0,0.01840338,0
Singapore,2021,0.0,-0.007161275,0
Slovakia,2021,1.857,1.7879205,0
Slovenia,2021,1.191,1.2921069,0
South Africa,2021,1.267,1.6334752,0
South Korea,2021,8.188,7.9893928,0
South Sudan,2021,0.0,0.0031881097,0
Spain,2021,22.3,23.077856,0
Sri Lanka,2021,0.0,-0.003704576,0
Sudan,2021,0.0,0.0055363546,0
Sweden,2021,14.206,12.723521,0
Switzerland,2021,1.829,2.0147178,0
Syria,2021,0.0,-0.0021294607,0
Taiwan,2021,0.0,-0.046189304,0
Thailand,2021,23.287,26.790876,0
Trinidad and Tobago,2021,0.0,0.02212945,0
Tunisia,2021,0.0,-0.0013332678,0
Turkey,2021,1.287,1.6790761,0
Turkmenistan,2021,0.0,0.0025954694,0
Ukraine,2021,0.623,0.5827623,0
United Arab Emirates,2021,0.0,0.01084912,0
United Kingdom,2021,16.841,18.356598,0
United States,2021,415.839,415.74292,1
Uzbekistan,2021,0.0,0.07707445,0
Venezuela,2021,0.0,0.042034708,0
Vietnam,2021,0.0,-0.26758543,0
Yemen,2021,0.0,0.0022501475,0
Zambia,2021,0.0,-0.00020509798,0
Zimbabwe,2021,0.0,-0.00020509798,0
Algeria,2022,0.0,0.0010499206,0
Angola,2022,0.0,-0.00027546962,0
Argentina,2022,14.0,11.466229,0
Australia,2022,1.328,1.2882261,0
Austria,2022,4.605,4.7512765,0
Azerbaijan,2022,0.0,0.049084544,0
Bahrain,2022,0.0,0.010059699,0
Bangladesh,2022,0.0,0.008060451,0
Belarus,2022,0.0,0.05283492,0
Belgium,2022,8.617,10.023754,0
Bolivia,2022,0.0,-0.0009857808,0
Brazil,2022,241.951,265.57736,1
Brunei,2022,0.0,-0.0027267942,0
Bulgaria,2022,2.162,1.93781,0
Canada,2022,30.4,25.327684,0
Chad,2022,0.0,6.646857e-05,0
Chile,2022,0.0,-0.01603712,0
China,2022,29.183,27.054798,1
Colombia,2022,9.693,11.553683,0
Congo,2022,0.0,-0.0011278711,0
Croatia,2022,0.247,0.98419815,0
Cuba,2022,0.0,-2.09658e-05,0
Curacao,2022,0.0,0.00090253435,0
Cyprus,2022,0.239,0.28140333,0
Czechia,2022,3.704,4.3505116,0
Democratic Republic of Congo,2022,0.0,-0.0007839947,0
Denmark,2022,2.814,2.8755808,0
Ecuador,2022,0.258,0.6143547,0
Egypt,2022,0.0,-0.07755193,0
Equatorial Guinea,2022,0.0,-0.0012768438,0
Estonia,2022,0.277,0.5055528,0
Finland,2022,6.17,7.1581907,0
France,2022,30.996,30.04743,1
Gabon,2022,0.0,-0.00057069,0
Germany,2022,34.941,36.756218,1
Greece,2022,2.885,2.8865323,0
Guyana,2022,0.0,-0.007589724,0
Hong Kong,2022,1.104,1.2379509,0
Hungary,2022,3.513,3.4499826,0
Iceland,2022,0.197,0.33771467,0
India,2022,28.016,16.94085,0
Indonesia,2022,95.542,95.52597,0
Iran,2022,0.0,-0.06983699,0
Iraq,2022,0.0,0.023159439,0
Ireland,2022,2.589,1.9784425,0
Israel,2022,0.714,0.5581434,0
Italy,2022,16.051,18.563978,0
Japan,2022,5.042,5.2173886,0
Kazakhstan,2022,0.0,0.010894926,0
Kuwait,2022,0.0,0.00033979525,0
Latvia,2022,0.215,0.689866,0
Libya,2022,0.0,-0.0020486636,0
Lithuania,2022,1.391,1.4879051,0
Luxembourg,2022,1.483,1.7692236,0
Madagascar,2022,0.0,-0.00028806747,0
Malaysia,2022,13.865,11.891101,0
Mexico,2022,2.723,2.7453928,0
Mongolia,2022,0.0,-0.004485838,0
Morocco,2022,0.0,0.0061879046,0
Mozambique,2022,0.0,-0.00028806747,0
Myanmar,2022,0.0,0.0022948952,0
Netherlands,2022,11.877,9.473803,0
New Caledonia,2022,0.0,0.0010044778,0
New Zealand,2022,0.055,-0.03494431,0
Nigeria,2022,0.0,-0.0023457396,0
North Macedonia,2022,0.002,-0.009609149,0
Norway,2022,3.992,5.1634855,0
Oman,2022,0.0,-0.0028030565,0
Pakistan,2022,0.0,0.01683575,0
Papua New Guinea,2022,0.0,0.0017965416,0
Peru,2022,5.42,5.4426594,0
Philippines,2022,6.318,6.8095903,0
Poland,2022,13.039,13.572408,0
Portugal,2022,3.712,4.1144075,0
Qatar,2022,0.0,0.0024270094,0
Romania,2022,4.9,4.700068,0
Russia,2022,3.837,3.1908119,0
Saudi Arabia,2022,0.0,0.19667596,0
Serbia,2022,0.0,0.008737601,0
Singapore,2022,0.0,-0.014828675,0
Slovakia,2022,1.959,1.8056489,0
Slovenia,2022,0.913,1.4023342,0
South Africa,2022,1.176,1.6573474,0
South Korea,2022,7.932,9.395468,0
South Sudan,2022,0.0,0.0017181893,0
Spain,2022,21.763,24.441387,0
Sri Lanka,2022,0.0,-0.0013481115,0
Sudan,2022,0.0,0.023543382,0
Sweden,2022,17.427,15.229326,0
Switzerland,2022,1.819,1.7080649,0
Syria,2022,0.0,-0.0010759275,0
Taiwan,2022,0.0,0.013370156,0
Thailand,2022,21.144,25.404245,0
Trinidad and Tobago,2022,0.0,-0.008574891,0
Tunisia,2022,0.0,-0.00018361457,0
Turkey,2022,1.565,1.91747,0
Turkmenistan,2022,0.0,-0.0014944063,0
Ukraine,2022,0.553,0.6147575,0
United Arab Emirates,2022,0.0,0.53894687,0
United Kingdom,2022,23.016,17.93275,0
United States,2022,437.593,410.37247,1
Uzbekistan,2022,0.0,0.05321367,0
Venezuela,2022,0.0,0.027632765,0
Vietnam,2022,0.0,-0.06579364,0
Yemen,2022,0.0,0.0056163515,0
Zambia,2022,0.0,6.646857e-05,0
Zimbabwe,2022,0.0,5.336474e-05,0
Algeria,2023,0.0,0.049555153,0
Angola,2023,0.0,0.019837413,0
Argentina,2023,12.773,12.417159,0
Australia,2023,1.259,1.5517403,0
Austria,2023,5.405,4.707909,0
Azerbaijan,2023,0.0,0.009198812,0
Bahrain,2023,0.0,-0.010233355,0
Bangladesh,2023,0.0,2.874944,0
Belarus,2023,0.0,0.14149265,0
Belgium,2023,8.722,9.338506,0
Bolivia,2023,0.0,0.1271309,0
Brazil,2023,263.015,216.72029,1
Brunei,2023,0.0,-0.0026785475,0
Bulgaria,2023,2.019,2.1497388,0
Canada,2023,33.705,23.72126,0
Chad,2023,0.0,0.021591017,0
Chile,2023,0.0,-0.035973188,0
China,2023,31.683,30.777134,1
Colombia,2023,10.986,11.629083,0
Congo,2023,0.0,-0.0065849135,0
Croatia,2023,0.007,0.33163342,0
Cuba,2023,0.0,-0.0003833809,0
Curacao,2023,0.0,-0.00059772714,0
Cyprus,2023,0.258,0.17620708,0
Czechia,2023,3.495,3.7201374,0
Democratic Republic of Congo,2023,0.0,0.08735426,0
Denmark,2023,2.588,3.658092,0
Ecuador,2023,0.274,0.32336235,0
Egypt,2023,0.0,0.023206996,0
Equatorial Guinea,2023,0.0,-0.0108714225,0
Estonia,2023,0.219,0.31731158,0
Finland,2023,6.263,5.9766545,0
France,2023,32.645,31.352942,1
Gabon,2023,0.0,-0.0013992245,0
Germany,2023,36.032,33.821167,1
Greece,2023,2.77,3.1412985,0
Guyana,2023,0.0,-0.004360305,0
Hong Kong,2023,1.339,2.2646298,0
Hungary,2023,3.61,3.4789855,0
Iceland,2023,0.211,0.20472978,0
India,2023,34.337,32.404774,0
Indonesia,2023,112.376,106.74533,0
Iran,2023,0.0,0.0054167463,0
Iraq,2023,0.0,0.13192052,0
Ireland,2023,3.489,3.6040723,0
Israel,2023,0.763,0.7646258,0
Italy,2023,15.275,17.897907,0
Japan,2023,4.945,5.958817,0
Kazakhstan,2023,0.0,-0.038461514,0
Kuwait,2023,0.0,0.019996699,0
Latvia,2023,0.164,0.42499855,0
Libya,2023,0.0,0.008501793,0
Lithuania,2023,1.372,1.3009317,0
Luxembourg,2023,1.435,1.4502112,0
Madagascar,2023,0.0,0.021591017,0
Malaysia,2023,15.358,14.448739,0
Mexico,2023,2.809,2.9682288,0
Mongolia,2023,0.0,-0.014624227,0
Morocco,2023,0.0,0.035135906,0
Mozambique,2023,0.0,0.020486927,0
Myanmar,2023,0.0,0.056725964,0
Netherlands,2023,11.163,12.548663,0
New Caledonia,2023,0.0,0.005274177,0
New Zealand,2023,0.064,0.19176652,0
Nigeria,2023,0.0,2.4830225,0
North Macedonia,2023,0.002,0.034270678,0
Norway,2023,4.102,4.471931,0
Oman,2023,0.0,-0.081405,0
Pakistan,2023,0.0,2.5407252,0
Papua New Guinea,2023,0.0,0.0032594625,0
Peru,2023,5.458,5.4904375,0
Philippines,2023,6.64,6.1873507,0
Poland,2023,14.931,12.044252,0
Portugal,2023,3.964,3.9421449,0
Qatar,2023,0.0,-0.06799604,0
Romania,2023,4.614,4.636363,0
Russia,2023,4.856,6.0497947,0
Saudi Arabia,2023,0.0,0.7122057,0
Serbia,2023,0.0,0.015823312,0
Singapore,2023,0.0,0.083658606,0
Slovakia,2023,1.916,1.9068233,0
Slovenia,2023,1.093,0.9158305,0
South Africa,2023,1.015,1.314167,0
South Korea,2023,8.094,8.302888,0
South Sudan,2023,0.0,0.0032594625,0
Spain,2023,28.805,23.070854,0
Sri Lanka,2023,0.0,0.022691177,0
Sudan,2023,0.0,0.024687,0
Sweden,2023,15.62,18.860117,0
Switzerland,2023,2.055,2.085783,0
Syria,2023,0.0,0.018056424,0
Taiwan,2023,0.001,0.22423233,0
Thailand,2023,22.982,24.27172,0
Trinidad and Tobago,2023,0.0,-0.009538029,0
Tunisia,2023,0.0,0.021178005,0
Turkey,2023,1.595,1.7403425,0
Turkmenistan,2023,0.0,0.02995628,0
Ukraine,2023,0.562,0.5659465,0
United Arab Emirates,2023,0.0,0.24545994,0
United Kingdom,2023,26.674,25.629507,0
United States,2023,495.129,391.0008,1
Uzbekistan,2023,0.0,0.04541146,0
Venezuela,2023,0.0,0.022352627,0
Vietnam,2023,0.0,-0.084897205,0
Yemen,2023,0.0,0.01592109,0
Zambia,2023,0.0,0.021178005,0
Zimbabwe,2023,0.0,0.021591017,0
Algeria,2024,0.0,0.0021545172,0
Angola,2024,0.0,0.0043834154,0
Argentina,2024,14.633,11.336632,0
Australia,2024,1.23,1.2791531,0
Austria,2024,5.28,5.735001,0
Azerbaijan,2024,0.0,-0.00694406,0
Bahrain,2024,0.0,-0.0011792732,0
Bangladesh,2024,0.0,0.0125019085,0
Belarus,2024,0.0,0.0065955915,0
Belgium,2024,8.74,9.057576,0
Bolivia,2024,0.0,-0.0152289765,0
Brazil,2024,269.88,260.94025,1
Brunei,2024,0.0,-0.0031541386,0
Bulgaria,2024,2.151,1.9533023,0
Canada,2024,32.977,28.609226,0
Chad,2024,0.0,-0.004884539,0
Chile,2024,0.0,0.019865667,0
China,2024,37.228,32.841614,1
Colombia,2024,11.228,10.583961,0
Congo,2024,0.0,-0.0024707378,0
Croatia,2024,0.01,0.18384154,0
Cuba,2024,0.0,0.00095137674,0
Curacao,2024,0.0,0.002370142,0
Cyprus,2024,0.29,0.24775627,0
Czechia,2024,3.879,3.7622187,0
Democratic Republic of Congo,2024,0.0,0.04302307,0
Denmark,2024,2.403,3.3796792,0
Ecuador,2024,0.279,0.34505737,0
Egypt,2024,0.0,-0.003043812,0
Equatorial Guinea,2024,0.0,-0.0012681257,0
Estonia,2024,0.241,0.26889285,0
Finland,2024,6.707,6.2549033,0
France,2024,34.019,31.869549,1
Gabon,2024,0.0,-0.0012681257,0
Germany,2024,30.576,30.622746,1
Greece,2024,2.759,2.9188833,0
Guyana,2024,0.0,-0.0126426965,0
Hong Kong,2024,1.508,1.8645114,0
Hungary,2024,3.334,3.563434,0
Iceland,2024,0.217,0.15060194,0
India,2024,47.63,34.11503,0
Indonesia,2024,120.655,169.55554,0
Iran,2024,0.0,0.05972285,0
Iraq,2024,0.0,0.12002439,0
Ireland,2024,4.397,4.0063214,0
Israel,2024,0.939,1.1487306,0
Italy,2024,13.543,16.963184,0
Japan,2024,5.004,5.0805397,0
Kazakhstan,2024,0.0,-0.016612316,0
Kuwait,2024,0.0,-0.019466244,0
Latvia,2024,0.173,0.24200211,0
Libya,2024,0.0,-0.018999578,0
Lithuania,2024,1.655,1.383777,0
Luxembourg,2024,1.521,1.4456705,0
Madagascar,2024,0.0,0.0022350424,0
Malaysia,2024,16.906,17.609837,0
Mexico,2024,2.823,3.0387897,0
Mongolia,2024,0.0,-0.0013305652,0
Morocco,2024,0.0,0.0088925855,0
Mozambique,2024,0.0,0.0043834154,0
Myanmar,2024,0.0,0.0054867836,0
Netherlands,2024,9.407,12.696211,0
New Caledonia,2024,0.0,-0.0010624605,0
New Zealand,2024,0.064,0.06189475,0
Nigeria,2024,0.0,1.5656276,0
North Macedonia,2024,0.002,0.016393485,0
Norway,2024,4.811,4.128109,0
Oman,2024,0.0,0.0015432031,0
Pakistan,2024,0.0,0.23496188,0
Papua New Guinea,2024,0.0,-0.0041189203,0
Peru,2024,5.558,6.582601,0
Philippines,2024,6.953,7.0631075,0
Poland,2024,16.393,16.782415,0
Portugal,2024,4.401,4.35201,0
Qatar,2024,0.0,-0.0013400654,0
Romania,2024,5.212,4.4716253,0
Russia,2024,6.015,5.2680526,0
Saudi Arabia,2024,0.0,0.87685746,0
Serbia,2024,0.0,0.017078651,0
Singapore,2024,0.0,-0.027069984,0
Slovakia,2024,1.974,1.870748,0
Slovenia,2024,0.941,1.4667069,0
South Africa,2024,1.024,1.1677278,0
South Korea,2024,8.885,8.9766445,0
South Sudan,2024,0.0,-0.004884539,0
Spain,2024,20.493,24.896215,0
Sri Lanka,2024,0.0,0.044436768,0
Sudan,2024,0.0,0.0084272465,0
Sweden,2024,4.235,17.601202,0
Switzerland,2024,2.449,2.3547986,0
Syria,2024,0.0,0.0008900644,0
Taiwan,2024,0.0,-0.16840377,0
Thailand,2024,22.829,24.535944,0
Trinidad and Tobago,2024,0.0,-0.0086194435,0
Tunisia,2024,0.0,-0.004884539,0
Turkey,2024,1.646,1.9013991,0
Turkmenistan,2024,0.0,-0.002639685,0
Ukraine,2024,0.568,1.4138411,0
United Arab Emirates,2024,0.0,0.007858371,0
United Kingdom,2024,27.702,27.066862,0
United States,2024,523.642,476.90012,1
Uzbekistan,2024,0.0,0.0496463,0
Venezuela,2024,0.0,-0.011888851,0
Vietnam,2024,0.0,0.75502217,0
Yemen,2024,0.0,0.012190752,0
Zambia,2024,0.0,-0.004884539,0
Zimbabwe,2024,0.0,-0.004884539,0
