country,continent,year,biofuel_consumption,biofuel_share_energy,biofuel_cagr_5y,growth_score,continent_ranking
Algeria,Africa,2024,0.0,0.0,,0.0,1
Angola,Africa,2024,0.0,,,0.0,1
Chad,Africa,2024,0.0,,,0.0,1
Congo,Africa,2024,0.0,,,0.0,1
Democratic Republic of Congo,Africa,2024,0.0,,,0.0,1
Egypt,Africa,2024,0.0,0.0,,0.0,1
Equatorial Guinea,Africa,2024,0.0,,,0.0,1
Gabon,Africa,2024,0.0,,,0.0,1
Libya,Africa,2024,0.0,,,0.0,1
Madagascar,Africa,2024,0.0,,,0.0,1
Morocco,Africa,2024,0.0,0.0,,0.0,1
Mozambique,Africa,2024,0.0,,,0.0,1
Nigeria,Africa,2024,0.0,,,0.0,1
South Africa,Africa,2024,1.024,0.075,-0.0288515191847604,0.0,1
South Sudan,Africa,2024,0.0,,,0.0,1
Sudan,Africa,2024,0.0,,,0.0,1
Tunisia,Africa,2024,0.0,,,0.0,1
Zambia,Africa,2024,0.0,,,0.0,1
Zimbabwe,Africa,2024,0.0,,,0.0,1
India,Asia,2024,47.63,0.422,0.2144804527478481,1.0,1
Hong Kong,Asia,2024,1.508,0.553,0.1757280064876383,0.838525668022816,2
Cyprus,Asia,2024,0.29,0.874,0.1559576903346582,0.7561463887292124,3
Malaysia,Asia,2024,16.906,1.228,0.15317814519397,0.7445645342114524,4
Indonesia,Asia,2024,120.655,4.034,0.1395418268962585,0.6877444983105938,5
Israel,Asia,2024,0.939,0.34,0.0939541379001291,0.4977889642107508,6
Philippines,Asia,2024,6.953,1.059,0.0168427820820906,0.17648009547598778,7
Japan,Asia,2024,5.004,0.105,0.0067682488548801,0.13450136432899173,8
South Korea,Asia,2024,8.885,0.247,0.0031680147966821,0.11949984969929617,9
Taiwan,Asia,2024,0.0,0.0,0.0,0.10629931341435644,10
Thailand,Asia,2024,22.829,1.61,-0.023245423892911,0.009439897896933183,11
Turkey,Asia,2024,1.646,0.079,-0.0248657196537794,0.0026884228072088325,12
China,Asia,2024,37.228,0.077,-0.0255109179282383,0.0,13
Azerbaijan,Asia,2024,0.0,0.0,,,
Bahrain,Asia,2024,0.0,,,,
Bangladesh,Asia,2024,0.0,0.0,,,
Brunei,Asia,2024,0.0,,,,
Iran,Asia,2024,0.0,0.0,,,
Iraq,Asia,2024,0.0,0.0,,,
Kazakhstan,Asia,2024,0.0,0.0,,,
Kuwait,Asia,2024,0.0,0.0,,,
Mongolia,Asia,2024,0.0,,,,
Myanmar,Asia,2024,0.0,,,,
Oman,Asia,2024,0.0,0.0,,,
Pakistan,Asia,2024,0.0,0.0,,,
Qatar,Asia,2024,0.0,0.0,,,
Saudi Arabia,Asia,2024,0.0,0.0,,,
Singapore,Asia,2024,0.0,0.0,,,
Sri Lanka,Asia,2024,0.0,0.0,,,
Syria,Asia,2024,0.0,,,,
Turkmenistan,Asia,2024,0.0,0.0,,,
United Arab Emirates,Asia,2024,0.0,0.0,,,
Uzbekistan,Asia,2024,0.0,0.0,,,
Vietnam,Asia,2024,0.0,0.0,,,
Yemen,Asia,2024,0.0,,,,
Russia,Europe,2024,6.015,0.067,0.2541597744705448,1.0,1
North Macedonia,Europe,2024,0.002,0.008,0.1486983549970351,0.9159106984450756,2
Belgium,Europe,2024,8.74,1.367,0.0998244221024629,0.8769412354711854,3
Ireland,Europe,2024,4.397,2.446,0.0988252202764419,0.8761445253180131,4
Lithuania,Europe,2024,1.655,2.282,0.0946315804991675,0.8728007410070829,5
Hungary,Europe,2024,3.334,1.29,0.0910485171874495,0.8699437977494102,6
Finland,Europe,2024,6.707,2.051,0.0706448966046646,0.8536750407711389,7
Netherlands,Europe,2024,9.407,1.025,0.0667512577739675,0.8505704611872968,8
United Kingdom,Europe,2024,27.702,1.445,0.0564658185977366,0.8423694014933094,9
Poland,Europe,2024,16.393,1.465,0.0548010302415544,0.8410419882003061,10
Portugal,Europe,2024,4.401,1.663,0.0448631225516442,0.8331180315464534,11
Sweden,Europe,2024,4.235,0.717,0.0429492776329363,0.8315920338564734,12
Greece,Europe,2024,2.759,0.869,0.0418126872674806,0.8306857774220127,13
Spain,Europe,2024,20.493,1.282,0.0279925844292638,0.8196663657652714,14
Germany,Europe,2024,30.576,0.968,0.0229972488209533,0.8156833520297054,15
Slovakia,Europe,2024,1.974,1.101,0.0159783365062382,0.8100868463391301,16
Romania,Europe,2024,5.212,1.484,0.0141958448631882,0.8086655827335401,17
Iceland,Europe,2024,0.217,0.336,0.0107656908500073,0.8059305611812589,18
Austria,Europe,2024,5.28,1.312,0.0090471203768529,0.8045602649015207,19
Italy,Europe,2024,13.543,0.805,0.0070057518549397,0.8029325867033621,20
Slovenia,Europe,2024,0.941,1.21,-0.0010942940685053,0.796474042833332,21
Switzerland,Europe,2024,2.449,0.741,-0.0025113810854275,0.7953441333546769,22
Bulgaria,Europe,2024,2.151,1.135,-0.0030428518774628,0.7949203669392219,23
Luxembourg,Europe,2024,1.521,3.847,-0.0073607568520158,0.7914775001989169,24
France,Europe,2024,34.019,1.371,-0.0091592927904162,0.7900434437293896,25
Czechia,Europe,2024,3.879,0.994,-0.0243274800644965,0.7779491415656292,26
Norway,Europe,2024,4.811,0.903,-0.0550701805202215,0.7534365546675976,27
Denmark,Europe,2024,2.403,1.25,-0.0592332642080345,0.7501171341499283,28
Estonia,Europe,2024,0.241,0.436,-0.0616269554752831,0.7482085326176721,29
Ukraine,Europe,2024,0.568,0.095,-0.1070642227339317,0.7119792832161512,30
Latvia,Europe,2024,0.173,0.452,-0.1698623648751712,0.6619073996973625,31
Croatia,Europe,2024,0.01,0.009,-0.6050034229553363,0.31494916763010933,32
Belarus,Europe,2024,0.0,0.0,-1.0,0.0,33
Serbia,Europe,2024,0.0,,,,
Canada,North America,2024,32.977,0.863,0.0636684562558611,1.0,1
United States,North America,2024,523.642,1.987,0.0355048904682484,0.4918412942597402,2
Mexico,North America,2024,2.823,0.123,0.0082456809113249,0.0,3
Cuba,North America,2024,0.0,,,,
Curacao,North America,2024,0.0,,,,
Trinidad and Tobago,North America,2024,0.0,0.0,,,
New Zealand,Oceania,2024,0.064,0.027,0.063693298769017,1.0,1
Australia,Oceania,2024,1.23,0.074,-0.0368507489801257,0.0,2
New Caledonia,Oceania,2024,0.0,,,,
Papua New Guinea,Oceania,2024,0.0,,,,
Peru,South America,2024,5.558,1.507,0.034078589602313,1.0,1
Colombia,South America,2024,11.228,1.849,0.0269325839798786,0.9285928515618208,2
Ecuador,South America,2024,0.279,0.123,0.0036901372101096,0.6963404669086475,3
Brazil,South America,2024,269.88,7.054,-0.0011125630920932,0.6483490222466359,4
Argentina,South America,2024,14.633,1.501,-0.0659955035204653,0.0,5
Bolivia,South America,2024,0.0,,,,
Chile,South America,2024,0.0,0.0,,,
Guyana,South America,2024,0.0,,,,
Venezuela,South America,2024,0.0,0.0,,,
